item_id,location_id,overall_score,risk_level,demand_shift_score,non_moving_score,shelf_life_score,lifecycle_score,inventory_score,primary_risk_factor,alerts,recommendations,on_hand_qty,category,shift_detected,shift_magnitude,movement_category,days_since_movement
SKU038,MAA_WH,62.51,high,96.0,20.0,100.0,30.0,80.15,shelf_life,demand_drop; shelf_life_risk; overstock,Reduce reorder quantities and pause open orders if possible; URGENT: Clear inventory before expiry - consider markdowns; Reduce incoming supply and consider stock transfers,436,,True,-100.0,MovementCategory.DEAD_STOCK,322
SKU038,BOM_WH,59.54,medium,96.0,20.0,100.0,30.0,50.37,shelf_life,demand_drop; shelf_life_risk; overstock,Reduce reorder quantities and pause open orders if possible; URGENT: Clear inventory before expiry - consider markdowns; Reduce incoming supply and consider stock transfers,274,,True,-100.0,MovementCategory.DEAD_STOCK,322
SKU038,BLR_WH,59.5,medium,96.0,20.0,100.0,30.0,50.0,shelf_life,demand_drop; shelf_life_risk,Reduce reorder quantities and pause open orders if possible; URGENT: Clear inventory before expiry - consider markdowns,262,,True,-100.0,MovementCategory.DEAD_STOCK,322
SKU038,NCR_WH,59.5,medium,96.0,20.0,100.0,30.0,50.0,shelf_life,demand_drop; shelf_life_risk,Reduce reorder quantities and pause open orders if possible; URGENT: Clear inventory before expiry - consider markdowns,265,,True,-100.0,MovementCategory.DEAD_STOCK,322
SKU019,NCR_WH,51.5,medium,80.0,0.0,100.0,10.0,100.0,shelf_life,demand_surge; shelf_life_risk; overstock,Increase reorder quantity and review safety stock; URGENT: Clear inventory before expiry - consider markdowns; Reduce incoming supply and consider stock transfers,1269,,True,100.0,MovementCategory.ACTIVE,0
SKU018,NCR_WH,51.5,medium,80.0,0.0,100.0,10.0,100.0,shelf_life,demand_surge; shelf_life_risk; overstock,Increase reorder quantity and review safety stock; URGENT: Clear inventory before expiry - consider markdowns; Reduce incoming supply and consider stock transfers,573,,True,100.0,MovementCategory.ACTIVE,0
SKU003,BOM_WH,51.5,medium,80.0,0.0,100.0,10.0,100.0,shelf_life,demand_surge; shelf_life_risk; overstock,Increase reorder quantity and review safety stock; URGENT: Clear inventory before expiry - consider markdowns; Reduce incoming supply and consider stock transfers,461,,True,100.0,MovementCategory.ACTIVE,0
SKU014,MAA_WH,51.5,medium,80.0,0.0,100.0,10.0,100.0,shelf_life,demand_surge; shelf_life_risk; overstock,Increase reorder quantity and review safety stock; URGENT: Clear inventory before expiry - consider markdowns; Reduce incoming supply and consider stock transfers,288,,True,100.0,MovementCategory.ACTIVE,0
SKU019,MAA_WH,51.49,medium,80.0,0.0,100.0,10.0,99.91,shelf_life,demand_surge; shelf_life_risk; overstock,Increase reorder quantity and review safety stock; URGENT: Clear inventory before expiry - consider markdowns; Reduce incoming supply and consider stock transfers,1125,,True,100.0,MovementCategory.ACTIVE,0
SKU044,NCR_WH,51.01,medium,80.0,0.0,100.0,10.0,95.07,shelf_life,demand_surge; shelf_life_risk; overstock,Increase reorder quantity and review safety stock; URGENT: Clear inventory before expiry - consider markdowns; Reduce incoming supply and consider stock transfers,135,,True,100.0,MovementCategory.ACTIVE,0
SKU056,NCR_WH,50.49,medium,80.0,0.0,100.0,10.0,89.91,shelf_life,demand_surge; shelf_life_risk; overstock,Increase reorder quantity and review safety stock; URGENT: Clear inventory before expiry - consider markdowns; Reduce incoming supply and consider stock transfers,588,,True,100.0,MovementCategory.ACTIVE,0
SKU039,BOM_WH,50.33,medium,80.0,0.0,100.0,10.0,88.33,shelf_life,demand_surge; shelf_life_risk; overstock,Increase reorder quantity and review safety stock; URGENT: Clear inventory before expiry - consider markdowns; Reduce incoming supply and consider stock transfers,666,,True,400.0,MovementCategory.ACTIVE,0
SKU039,BLR_WH,50.31,medium,80.0,0.0,100.0,10.0,88.06,shelf_life,demand_surge; shelf_life_risk; overstock,Increase reorder quantity and review safety stock; URGENT: Clear inventory before expiry - consider markdowns; Reduce incoming supply and consider stock transfers,664,,True,363.64,MovementCategory.ACTIVE,0
SKU048,NCR_WH,49.88,medium,73.5,0.0,100.0,10.0,100.0,shelf_life,demand_drop; shelf_life_risk; overstock,Reduce reorder quantities and pause open orders if possible; URGENT: Clear inventory before expiry - consider markdowns; Reduce incoming supply and consider stock transfers,548,,True,-62.5,MovementCategory.ACTIVE,0
SKU020,BLR_WH,49.78,medium,73.11,0.0,100.0,10.0,100.0,shelf_life,demand_drop; shelf_life_risk; overstock,Reduce reorder quantities and pause open orders if possible; URGENT: Clear inventory before expiry - consider markdowns; Reduce incoming supply and consider stock transfers,300,,True,-61.85,MovementCategory.ACTIVE,0
SKU048,BLR_WH,49.69,medium,75.68,0.0,100.0,10.0,92.72,shelf_life,demand_drop; shelf_life_risk; overstock,Reduce reorder quantities and pause open orders if possible; URGENT: Clear inventory before expiry - consider markdowns; Reduce incoming supply and consider stock transfers,497,,True,-66.13,MovementCategory.ACTIVE,0
SKU030,BLR_WH,49.62,medium,72.5,0.0,100.0,10.0,100.0,shelf_life,demand_surge; shelf_life_risk; overstock,Increase reorder quantity and review safety stock; URGENT: Clear inventory before expiry - consider markdowns; Reduce incoming supply and consider stock transfers,860,,True,100.0,MovementCategory.ACTIVE,0
SKU030,BOM_WH,49.62,medium,72.5,0.0,100.0,10.0,100.0,shelf_life,demand_surge; shelf_life_risk; overstock,Increase reorder quantity and review safety stock; URGENT: Clear inventory before expiry - consider markdowns; Reduce incoming supply and consider stock transfers,803,,True,100.0,MovementCategory.ACTIVE,0
SKU044,BOM_WH,49.39,medium,80.0,0.0,100.0,10.0,78.87,shelf_life,demand_surge; shelf_life_risk; overstock,Increase reorder quantity and review safety stock; URGENT: Clear inventory before expiry - consider markdowns; Reduce incoming supply and consider stock transfers,112,,True,100.0,MovementCategory.ACTIVE,0
SKU014,NCR_WH,48.79,medium,80.0,0.0,100.0,10.0,72.9,shelf_life,demand_surge; shelf_life_risk; overstock,Increase reorder quantity and review safety stock; URGENT: Clear inventory before expiry - consider markdowns; Reduce incoming supply and consider stock transfers,216,,True,100.0,MovementCategory.ACTIVE,0
SKU036,MAA_WH,48.6,medium,80.0,0.0,100.0,10.0,70.99,shelf_life,demand_surge; shelf_life_risk; overstock,Increase reorder quantity and review safety stock; URGENT: Clear inventory before expiry - consider markdowns; Reduce incoming supply and consider stock transfers,655,,True,218.75,MovementCategory.ACTIVE,0
SKU039,NCR_WH,48.56,medium,80.0,0.0,100.0,10.0,70.56,shelf_life,demand_surge; shelf_life_risk; overstock,Increase reorder quantity and review safety stock; URGENT: Clear inventory before expiry - consider markdowns; Reduce incoming supply and consider stock transfers,532,,True,350.0,MovementCategory.ACTIVE,0
SKU048,MAA_WH,48.24,medium,76.59,0.0,100.0,10.0,75.93,shelf_life,demand_drop; shelf_life_risk; overstock,Reduce reorder quantities and pause open orders if possible; URGENT: Clear inventory before expiry - consider markdowns; Reduce incoming supply and consider stock transfers,407,,True,-67.65,MovementCategory.ACTIVE,0
SKU031,BLR_WH,47.98,medium,80.0,0.0,100.0,10.0,64.84,shelf_life,demand_surge; shelf_life_risk; overstock,Increase reorder quantity and review safety stock; URGENT: Clear inventory before expiry - consider markdowns; Reduce incoming supply and consider stock transfers,568,,True,100.0,MovementCategory.ACTIVE,0
SKU027,NCR_WH,47.88,medium,80.0,0.0,100.0,10.0,63.8,shelf_life,demand_surge; shelf_life_risk; overstock,Increase reorder quantity and review safety stock; URGENT: Clear inventory before expiry - consider markdowns; Reduce incoming supply and consider stock transfers,770,,True,100.0,MovementCategory.ACTIVE,0
SKU008,NCR_WH,47.69,medium,80.0,0.0,100.0,10.0,61.94,shelf_life,demand_surge; shelf_life_risk; overstock,Increase reorder quantity and review safety stock; URGENT: Clear inventory before expiry - consider markdowns; Reduce incoming supply and consider stock transfers,306,,True,100.0,MovementCategory.ACTIVE,0
SKU037,BLR_WH,46.78,medium,80.0,0.0,100.0,10.0,52.8,shelf_life,demand_surge; shelf_life_risk; overstock,Increase reorder quantity and review safety stock; URGENT: Clear inventory before expiry - consider markdowns; Reduce incoming supply and consider stock transfers,556,,True,100.0,MovementCategory.ACTIVE,0
SKU027,BLR_WH,46.7,medium,72.5,0.0,100.0,10.0,70.73,shelf_life,demand_surge; shelf_life_risk; overstock,Increase reorder quantity and review safety stock; URGENT: Clear inventory before expiry - consider markdowns; Reduce incoming supply and consider stock transfers,1085,,True,100.0,MovementCategory.ACTIVE,0
SKU039,MAA_WH,46.7,medium,80.0,0.0,100.0,10.0,51.99,shelf_life,demand_surge; shelf_life_risk; overstock,Increase reorder quantity and review safety stock; URGENT: Clear inventory before expiry - consider markdowns; Reduce incoming supply and consider stock transfers,392,,True,275.0,MovementCategory.ACTIVE,0
SKU033,MAA_WH,46.66,medium,80.0,0.0,100.0,10.0,51.57,shelf_life,demand_surge; shelf_life_risk; overstock,Increase reorder quantity and review safety stock; URGENT: Clear inventory before expiry - consider markdowns; Reduce incoming supply and consider stock transfers,361,,True,100.0,MovementCategory.ACTIVE,0
SKU055,BLR_WH,46.57,medium,80.0,0.0,100.0,10.0,50.69,shelf_life,demand_surge; shelf_life_risk; overstock,Increase reorder quantity and review safety stock; URGENT: Clear inventory before expiry - consider markdowns; Reduce incoming supply and consider stock transfers,626,,True,100.0,MovementCategory.ACTIVE,0
SKU059,MAA_WH,46.55,medium,80.0,0.0,100.0,10.0,50.47,shelf_life,demand_surge; shelf_life_risk; overstock,Increase reorder quantity and review safety stock; URGENT: Clear inventory before expiry - consider markdowns; Reduce incoming supply and consider stock transfers,213,,True,100.0,MovementCategory.ACTIVE,0
SKU008,BOM_WH,46.5,medium,80.0,0.0,100.0,10.0,50.0,shelf_life,demand_surge; shelf_life_risk,Increase reorder quantity and review safety stock; URGENT: Clear inventory before expiry - consider markdowns,177,,True,100.0,MovementCategory.ACTIVE,0
SKU051,BOM_WH,46.5,medium,80.0,0.0,100.0,10.0,50.0,shelf_life,demand_surge; shelf_life_risk,Increase reorder quantity and review safety stock; URGENT: Clear inventory before expiry - consider markdowns,508,,True,100.0,MovementCategory.ACTIVE,0
SKU054,BLR_WH,46.5,medium,60.0,0.0,100.0,10.0,100.0,shelf_life,demand_drop; shelf_life_risk; overstock,Reduce reorder quantities and pause open orders if possible; URGENT: Clear inventory before expiry - consider markdowns; Reduce incoming supply and consider stock transfers,146,,True,-40.0,MovementCategory.ACTIVE,0
SKU033,BOM_WH,46.5,medium,80.0,0.0,100.0,10.0,50.0,shelf_life,demand_surge; shelf_life_risk,Increase reorder quantity and review safety stock; URGENT: Clear inventory before expiry - consider markdowns,339,,True,100.0,MovementCategory.ACTIVE,0
SKU008,MAA_WH,46.5,medium,80.0,0.0,100.0,10.0,50.0,shelf_life,demand_surge; shelf_life_risk,Increase reorder quantity and review safety stock; URGENT: Clear inventory before expiry - consider markdowns,242,,True,100.0,MovementCategory.ACTIVE,0
SKU018,BOM_WH,46.5,medium,80.0,0.0,100.0,10.0,50.0,shelf_life,demand_surge; shelf_life_risk; overstock,Increase reorder quantity and review safety stock; URGENT: Clear inventory before expiry - consider markdowns; Reduce incoming supply and consider stock transfers,829,,True,100.0,MovementCategory.ACTIVE,0
SKU008,BLR_WH,46.5,medium,80.0,0.0,100.0,10.0,50.0,shelf_life,demand_surge; shelf_life_risk,Increase reorder quantity and review safety stock; URGENT: Clear inventory before expiry - consider markdowns,208,,True,100.0,MovementCategory.ACTIVE,0
SKU013,MAA_WH,45.81,medium,80.0,0.0,100.0,10.0,43.07,shelf_life,demand_surge; shelf_life_risk; overstock,Increase reorder quantity and review safety stock; URGENT: Clear inventory before expiry - consider markdowns; Reduce incoming supply and consider stock transfers,927,,True,188.24,MovementCategory.ACTIVE,0
SKU007,MAA_WH,45.71,medium,80.0,0.0,100.0,10.0,42.09,shelf_life,demand_surge; shelf_life_risk; overstock,Increase reorder quantity and review safety stock; URGENT: Clear inventory before expiry - consider markdowns; Reduce incoming supply and consider stock transfers,838,,True,100.0,MovementCategory.ACTIVE,0
SKU034,NCR_WH,45.02,medium,72.5,0.0,100.0,10.0,53.95,shelf_life,demand_surge; shelf_life_risk; overstock,Increase reorder quantity and review safety stock; URGENT: Clear inventory before expiry - consider markdowns; Reduce incoming supply and consider stock transfers,692,,True,100.0,MovementCategory.ACTIVE,0
SKU020,NCR_WH,44.88,medium,73.72,0.0,100.0,10.0,49.49,shelf_life,demand_drop; shelf_life_risk; overstock,Reduce reorder quantities and pause open orders if possible; URGENT: Clear inventory before expiry - consider markdowns; Reduce incoming supply and consider stock transfers,131,,True,-62.86,MovementCategory.ACTIVE,0
SKU031,NCR_WH,44.62,medium,72.5,0.0,100.0,10.0,50.0,shelf_life,demand_surge; shelf_life_risk; overstock,Increase reorder quantity and review safety stock; URGENT: Clear inventory before expiry - consider markdowns; Reduce incoming supply and consider stock transfers,944,,True,100.0,MovementCategory.ACTIVE,0
SKU030,NCR_WH,44.62,medium,72.5,0.0,100.0,10.0,50.0,shelf_life,demand_surge; shelf_life_risk,Increase reorder quantity and review safety stock; URGENT: Clear inventory before expiry - consider markdowns,256,,True,100.0,MovementCategory.ACTIVE,0
SKU040,MAA_WH,44.62,medium,72.5,0.0,100.0,10.0,50.0,shelf_life,demand_surge; shelf_life_risk; overstock,Increase reorder quantity and review safety stock; URGENT: Clear inventory before expiry - consider markdowns; Reduce incoming supply and consider stock transfers,526,,True,100.0,MovementCategory.ACTIVE,0
SKU047,NCR_WH,44.62,medium,72.5,0.0,100.0,10.0,50.0,shelf_life,demand_surge; shelf_life_risk; overstock,Increase reorder quantity and review safety stock; URGENT: Clear inventory before expiry - consider markdowns; Reduce incoming supply and consider stock transfers,192,,True,100.0,MovementCategory.ACTIVE,0
SKU059,BLR_WH,44.61,medium,80.0,0.0,100.0,10.0,31.08,shelf_life,demand_surge; shelf_life_risk; overstock,Increase reorder quantity and review safety stock; URGENT: Clear inventory before expiry - consider markdowns; Reduce incoming supply and consider stock transfers,261,,True,100.0,MovementCategory.ACTIVE,0
SKU033,BLR_WH,44.47,medium,80.0,0.0,100.0,10.0,29.72,shelf_life,demand_surge; shelf_life_risk,Increase reorder quantity and review safety stock; URGENT: Clear inventory before expiry - consider markdowns,228,,True,100.0,MovementCategory.ACTIVE,0
SKU045,BLR_WH,44.43,medium,80.0,0.0,100.0,10.0,29.33,shelf_life,demand_surge; shelf_life_risk; overstock,Increase reorder quantity and review safety stock; URGENT: Clear inventory before expiry - consider markdowns; Reduce incoming supply and consider stock transfers,284,,True,800.0,MovementCategory.ACTIVE,0
SKU042,NCR_WH,44.29,medium,72.5,0.0,100.0,10.0,46.63,shelf_life,demand_surge; shelf_life_risk; overstock,Increase reorder quantity and review safety stock; URGENT: Clear inventory before expiry - consider markdowns; Reduce incoming supply and consider stock transfers,315,,True,100.0,MovementCategory.ACTIVE,0
SKU035,MAA_WH,44.24,medium,80.0,0.0,100.0,10.0,27.37,shelf_life,demand_surge; shelf_life_risk; overstock,Increase reorder quantity and review safety stock; URGENT: Clear inventory before expiry - consider markdowns; Reduce incoming supply and consider stock transfers,277,,True,100.0,MovementCategory.ACTIVE,0
SKU048,BOM_WH,44.15,medium,70.59,0.0,100.0,10.0,50.0,shelf_life,demand_drop; shelf_life_risk,Reduce reorder quantities and pause open orders if possible; URGENT: Clear inventory before expiry - consider markdowns,162,,True,-57.65,MovementCategory.ACTIVE,0
SKU052,BLR_WH,44.12,medium,80.0,0.0,100.0,10.0,26.25,shelf_life,demand_surge; shelf_life_risk; overstock,Increase reorder quantity and review safety stock; URGENT: Clear inventory before expiry - consider markdowns; Reduce incoming supply and consider stock transfers,122,,True,100.0,MovementCategory.ACTIVE,0
SKU036,BLR_WH,43.94,medium,80.0,0.0,100.0,10.0,24.41,shelf_life,demand_surge; shelf_life_risk; overstock,Increase reorder quantity and review safety stock; URGENT: Clear inventory before expiry - consider markdowns; Reduce incoming supply and consider stock transfers,502,,True,208.0,MovementCategory.ACTIVE,0
SKU003,BLR_WH,43.94,medium,80.0,0.0,100.0,10.0,24.43,shelf_life,demand_surge; shelf_life_risk; overstock,Increase reorder quantity and review safety stock; URGENT: Clear inventory before expiry - consider markdowns; Reduce incoming supply and consider stock transfers,259,,True,100.0,MovementCategory.ACTIVE,0
SKU044,BLR_WH,43.82,medium,80.0,0.0,100.0,10.0,23.24,shelf_life,demand_surge; shelf_life_risk; overstock,Increase reorder quantity and review safety stock; URGENT: Clear inventory before expiry - consider markdowns; Reduce incoming supply and consider stock transfers,104,,True,100.0,MovementCategory.ACTIVE,0
SKU007,BOM_WH,43.66,medium,80.0,0.0,100.0,10.0,21.65,shelf_life,demand_surge; shelf_life_risk; overstock,Increase reorder quantity and review safety stock; URGENT: Clear inventory before expiry - consider markdowns; Reduce incoming supply and consider stock transfers,652,,True,100.0,MovementCategory.ACTIVE,0
SKU035,BLR_WH,43.65,medium,80.0,0.0,100.0,10.0,21.51,shelf_life,demand_surge; shelf_life_risk; overstock,Increase reorder quantity and review safety stock; URGENT: Clear inventory before expiry - consider markdowns; Reduce incoming supply and consider stock transfers,256,,True,100.0,MovementCategory.ACTIVE,0
SKU046,BOM_WH,43.63,medium,80.0,0.0,100.0,10.0,21.35,shelf_life,demand_surge; shelf_life_risk; overstock,Increase reorder quantity and review safety stock; URGENT: Clear inventory before expiry - consider markdowns; Reduce incoming supply and consider stock transfers,244,,True,100.0,MovementCategory.ACTIVE,0
SKU016,NCR_WH,43.52,medium,72.5,0.0,100.0,10.0,38.91,shelf_life,demand_surge; shelf_life_risk; overstock,Increase reorder quantity and review safety stock; URGENT: Clear inventory before expiry - consider markdowns; Reduce incoming supply and consider stock transfers,425,,True,100.0,MovementCategory.ACTIVE,0
SKU057,NCR_WH,43.33,medium,80.0,0.0,100.0,10.0,18.32,shelf_life,demand_surge; shelf_life_risk,Increase reorder quantity and review safety stock; URGENT: Clear inventory before expiry - consider markdowns,373,,True,950.0,MovementCategory.ACTIVE,0
SKU029,MAA_WH,43.13,medium,80.0,0.0,100.0,10.0,16.26,shelf_life,demand_surge; shelf_life_risk; overstock,Increase reorder quantity and review safety stock; URGENT: Clear inventory before expiry - consider markdowns; Reduce incoming supply and consider stock transfers,163,,True,100.0,MovementCategory.ACTIVE,0
SKU041,BLR_WH,43.08,medium,80.0,0.0,100.0,10.0,15.79,shelf_life,demand_surge; shelf_life_risk; overstock,Increase reorder quantity and review safety stock; URGENT: Clear inventory before expiry - consider markdowns; Reduce incoming supply and consider stock transfers,150,,True,100.0,MovementCategory.ACTIVE,0
SKU041,MAA_WH,42.86,medium,80.0,0.0,100.0,10.0,13.6,shelf_life,demand_surge; shelf_life_risk; overstock,Increase reorder quantity and review safety stock; URGENT: Clear inventory before expiry - consider markdowns; Reduce incoming supply and consider stock transfers,145,,True,100.0,MovementCategory.ACTIVE,0
SKU026,NCR_WH,42.82,medium,80.0,0.0,100.0,10.0,13.21,shelf_life,demand_surge; shelf_life_risk; overstock,Increase reorder quantity and review safety stock; URGENT: Clear inventory before expiry - consider markdowns; Reduce incoming supply and consider stock transfers,177,,True,100.0,MovementCategory.ACTIVE,0
SKU057,BLR_WH,42.73,medium,80.0,0.0,100.0,10.0,12.3,shelf_life,demand_surge; shelf_life_risk; overstock,Increase reorder quantity and review safety stock; URGENT: Clear inventory before expiry - consider markdowns; Reduce incoming supply and consider stock transfers,613,,True,1757.14,MovementCategory.ACTIVE,0
SKU035,NCR_WH,42.7,medium,80.0,0.0,100.0,10.0,12.01,shelf_life,demand_surge; shelf_life_risk; overstock,Increase reorder quantity and review safety stock; URGENT: Clear inventory before expiry - consider markdowns; Reduce incoming supply and consider stock transfers,222,,True,100.0,MovementCategory.ACTIVE,0
SKU001,MAA_WH,42.38,medium,7.5,20.0,100.0,30.0,100.0,shelf_life,shelf_life_risk; overstock,URGENT: Clear inventory before expiry - consider markdowns; Reduce incoming supply and consider stock transfers,460,,True,0.0,MovementCategory.SLOW_MOVING,84
SKU033,NCR_WH,42.34,medium,80.0,0.0,100.0,10.0,8.39,shelf_life,demand_surge; shelf_life_risk,Increase reorder quantity and review safety stock; URGENT: Clear inventory before expiry - consider markdowns,167,,True,100.0,MovementCategory.ACTIVE,0
SKU001,BLR_WH,42.27,medium,22.5,20.0,100.0,30.0,61.49,shelf_life,shelf_life_risk; overstock,URGENT: Clear inventory before expiry - consider markdowns; Reduce incoming supply and consider stock transfers,198,,True,0.0,MovementCategory.SLOW_MOVING,84
SKU056,BLR_WH,42.25,medium,80.0,0.0,100.0,10.0,7.49,shelf_life,demand_surge; shelf_life_risk; overstock,Increase reorder quantity and review safety stock; URGENT: Clear inventory before expiry - consider markdowns; Reduce incoming supply and consider stock transfers,376,,True,100.0,MovementCategory.ACTIVE,0
SKU052,BOM_WH,42.19,medium,80.0,0.0,100.0,10.0,6.88,shelf_life,demand_surge; shelf_life_risk; overstock,Increase reorder quantity and review safety stock; URGENT: Clear inventory before expiry - consider markdowns; Reduce incoming supply and consider stock transfers,91,,True,100.0,MovementCategory.ACTIVE,0
SKU016,MAA_WH,42.11,medium,72.5,0.0,100.0,10.0,24.9,shelf_life,demand_surge; shelf_life_risk; overstock,Increase reorder quantity and review safety stock; URGENT: Clear inventory before expiry - consider markdowns; Reduce incoming supply and consider stock transfers,358,,True,100.0,MovementCategory.ACTIVE,0
SKU012,BLR_WH,42.02,medium,80.0,0.0,100.0,10.0,5.24,shelf_life,demand_surge; shelf_life_risk,Increase reorder quantity and review safety stock; URGENT: Clear inventory before expiry - consider markdowns,158,,True,100.0,MovementCategory.ACTIVE,0
SKU042,BLR_WH,41.93,medium,80.0,0.0,100.0,10.0,4.29,shelf_life,demand_surge; shelf_life_risk; overstock,Increase reorder quantity and review safety stock; URGENT: Clear inventory before expiry - consider markdowns; Reduce incoming supply and consider stock transfers,177,,True,100.0,MovementCategory.ACTIVE,0
SKU059,NCR_WH,41.91,medium,80.0,0.0,100.0,10.0,4.12,shelf_life,demand_surge; shelf_life_risk,Increase reorder quantity and review safety stock; URGENT: Clear inventory before expiry - consider markdowns,197,,True,100.0,MovementCategory.ACTIVE,0
SKU047,BOM_WH,41.91,medium,72.5,0.0,100.0,10.0,22.89,shelf_life,demand_surge; shelf_life_risk; overstock,Increase reorder quantity and review safety stock; URGENT: Clear inventory before expiry - consider markdowns; Reduce incoming supply and consider stock transfers,121,,True,100.0,MovementCategory.ACTIVE,0
SKU020,MAA_WH,41.83,medium,72.98,0.0,100.0,10.0,20.88,shelf_life,demand_drop; shelf_life_risk; overstock,Reduce reorder quantities and pause open orders if possible; URGENT: Clear inventory before expiry - consider markdowns; Reduce incoming supply and consider stock transfers,129,,True,-61.64,MovementCategory.ACTIVE,0
SKU041,NCR_WH,41.82,medium,72.5,0.0,100.0,10.0,21.93,shelf_life,demand_surge; shelf_life_risk; overstock,Increase reorder quantity and review safety stock; URGENT: Clear inventory before expiry - consider markdowns; Reduce incoming supply and consider stock transfers,164,,True,100.0,MovementCategory.ACTIVE,0
SKU044,MAA_WH,41.71,medium,80.0,0.0,100.0,10.0,2.11,shelf_life,demand_surge; shelf_life_risk; overstock,Increase reorder quantity and review safety stock; URGENT: Clear inventory before expiry - consider markdowns; Reduce incoming supply and consider stock transfers,74,,True,100.0,MovementCategory.ACTIVE,0
SKU012,MAA_WH,41.5,medium,80.0,0.0,100.0,10.0,0.0,shelf_life,demand_surge; shelf_life_risk,Increase reorder quantity and review safety stock; URGENT: Clear inventory before expiry - consider markdowns,226,,True,100.0,MovementCategory.ACTIVE,0
SKU009,BLR_WH,41.5,medium,80.0,0.0,100.0,10.0,0.0,shelf_life,demand_surge; shelf_life_risk,Increase reorder quantity and review safety stock; URGENT: Clear inventory before expiry - consider markdowns,293,,True,100.0,MovementCategory.ACTIVE,0
SKU042,BOM_WH,41.5,medium,80.0,0.0,100.0,10.0,0.0,shelf_life,demand_surge; shelf_life_risk; understock,Increase reorder quantity and review safety stock; URGENT: Clear inventory before expiry - consider markdowns; Expedite replenishment orders,66,,True,100.0,MovementCategory.ACTIVE,0
SKU015,BLR_WH,41.5,medium,80.0,0.0,100.0,10.0,0.0,shelf_life,demand_surge; shelf_life_risk,Increase reorder quantity and review safety stock; URGENT: Clear inventory before expiry - consider markdowns,98,,True,100.0,MovementCategory.ACTIVE,0
SKU013,NCR_WH,41.5,medium,80.0,0.0,100.0,10.0,0.0,shelf_life,demand_surge; shelf_life_risk,Increase reorder quantity and review safety stock; URGENT: Clear inventory before expiry - consider markdowns,441,,True,195.42,MovementCategory.ACTIVE,0
SKU013,BOM_WH,41.5,medium,80.0,0.0,100.0,10.0,0.0,shelf_life,demand_surge; shelf_life_risk,Increase reorder quantity and review safety stock; URGENT: Clear inventory before expiry - consider markdowns,369,,True,216.82,MovementCategory.ACTIVE,0
SKU041,BOM_WH,41.5,medium,80.0,0.0,100.0,10.0,0.0,shelf_life,demand_surge; shelf_life_risk,Increase reorder quantity and review safety stock; URGENT: Clear inventory before expiry - consider markdowns,88,,True,100.0,MovementCategory.ACTIVE,0
SKU013,BLR_WH,41.5,medium,80.0,0.0,100.0,10.0,0.0,shelf_life,demand_surge; shelf_life_risk,Increase reorder quantity and review safety stock; URGENT: Clear inventory before expiry - consider markdowns,375,,True,210.04,MovementCategory.ACTIVE,0
SKU009,BOM_WH,41.5,medium,80.0,0.0,100.0,10.0,0.0,shelf_life,demand_surge; shelf_life_risk,Increase reorder quantity and review safety stock; URGENT: Clear inventory before expiry - consider markdowns,163,,True,100.0,MovementCategory.ACTIVE,0
SKU035,BOM_WH,41.5,medium,80.0,0.0,100.0,10.0,0.0,shelf_life,demand_surge; shelf_life_risk,Increase reorder quantity and review safety stock; URGENT: Clear inventory before expiry - consider markdowns,86,,True,100.0,MovementCategory.ACTIVE,0
SKU012,NCR_WH,41.5,medium,80.0,0.0,100.0,10.0,0.0,shelf_life,demand_surge; shelf_life_risk; understock,Increase reorder quantity and review safety stock; URGENT: Clear inventory before expiry - consider markdowns; Expedite replenishment orders,36,,True,100.0,MovementCategory.ACTIVE,0
SKU019,BLR_WH,41.5,medium,80.0,0.0,100.0,10.0,0.0,shelf_life,demand_surge; shelf_life_risk; understock,Increase reorder quantity and review safety stock; URGENT: Clear inventory before expiry - consider markdowns; Expedite replenishment orders,146,,True,100.0,MovementCategory.ACTIVE,0
SKU037,MAA_WH,41.5,medium,80.0,0.0,100.0,10.0,0.0,shelf_life,demand_surge; shelf_life_risk; understock,Increase reorder quantity and review safety stock; URGENT: Clear inventory before expiry - consider markdowns; Expedite replenishment orders,1,,True,100.0,MovementCategory.ACTIVE,0
SKU036,NCR_WH,41.5,medium,80.0,0.0,100.0,10.0,0.0,shelf_life,demand_surge; shelf_life_risk; understock,Increase reorder quantity and review safety stock; URGENT: Clear inventory before expiry - consider markdowns; Expedite replenishment orders,43,,True,281.82,MovementCategory.ACTIVE,0
SKU045,BOM_WH,41.5,medium,80.0,0.0,100.0,10.0,0.0,shelf_life,demand_surge; shelf_life_risk,Increase reorder quantity and review safety stock; URGENT: Clear inventory before expiry - consider markdowns,176,,True,730.77,MovementCategory.ACTIVE,0
SKU012,BOM_WH,41.5,medium,80.0,0.0,100.0,10.0,0.0,shelf_life,demand_surge; shelf_life_risk; understock,Increase reorder quantity and review safety stock; URGENT: Clear inventory before expiry - consider markdowns; Expedite replenishment orders,84,,True,100.0,MovementCategory.ACTIVE,0
SKU018,MAA_WH,41.5,medium,80.0,0.0,100.0,10.0,0.0,shelf_life,demand_surge; shelf_life_risk; understock,Increase reorder quantity and review safety stock; URGENT: Clear inventory before expiry - consider markdowns; Expedite replenishment orders,66,,True,100.0,MovementCategory.ACTIVE,0
SKU046,BLR_WH,41.5,medium,80.0,0.0,100.0,10.0,0.0,shelf_life,demand_surge; shelf_life_risk,Increase reorder quantity and review safety stock; URGENT: Clear inventory before expiry - consider markdowns,113,,True,100.0,MovementCategory.ACTIVE,0
SKU045,MAA_WH,41.5,medium,80.0,0.0,100.0,10.0,0.0,shelf_life,demand_surge; shelf_life_risk; understock,Increase reorder quantity and review safety stock; URGENT: Clear inventory before expiry - consider markdowns; Expedite replenishment orders,62,,True,728.0,MovementCategory.ACTIVE,0
SKU055,BOM_WH,41.5,medium,80.0,0.0,100.0,10.0,0.0,shelf_life,demand_surge; shelf_life_risk; understock,Increase reorder quantity and review safety stock; URGENT: Clear inventory before expiry - consider markdowns; Expedite replenishment orders,94,,True,100.0,MovementCategory.ACTIVE,0
SKU059,BOM_WH,41.5,medium,80.0,0.0,100.0,10.0,0.0,shelf_life,demand_surge; shelf_life_risk,Increase reorder quantity and review safety stock; URGENT: Clear inventory before expiry - consider markdowns,173,,True,100.0,MovementCategory.ACTIVE,0
SKU058,NCR_WH,41.5,medium,80.0,0.0,100.0,10.0,0.0,shelf_life,demand_surge; shelf_life_risk,Increase reorder quantity and review safety stock; URGENT: Clear inventory before expiry - consider markdowns,126,,True,286.72,MovementCategory.ACTIVE,0
SKU058,MAA_WH,41.5,medium,80.0,0.0,100.0,10.0,0.0,shelf_life,demand_surge; shelf_life_risk,Increase reorder quantity and review safety stock; URGENT: Clear inventory before expiry - consider markdowns,107,,True,334.0,MovementCategory.ACTIVE,0
SKU057,MAA_WH,41.5,medium,80.0,0.0,100.0,10.0,0.0,shelf_life,demand_surge; shelf_life_risk,Increase reorder quantity and review safety stock; URGENT: Clear inventory before expiry - consider markdowns,186,,True,1148.65,MovementCategory.ACTIVE,0
SKU057,BOM_WH,41.5,medium,80.0,0.0,100.0,10.0,0.0,shelf_life,demand_surge; shelf_life_risk,Increase reorder quantity and review safety stock; URGENT: Clear inventory before expiry - consider markdowns,176,,True,854.55,MovementCategory.ACTIVE,0
SKU056,MAA_WH,41.5,medium,80.0,0.0,100.0,10.0,0.0,shelf_life,demand_surge; shelf_life_risk,Increase reorder quantity and review safety stock; URGENT: Clear inventory before expiry - consider markdowns,167,,True,100.0,MovementCategory.ACTIVE,0
SKU056,BOM_WH,41.5,medium,80.0,0.0,100.0,10.0,0.0,shelf_life,demand_surge; shelf_life_risk,Increase reorder quantity and review safety stock; URGENT: Clear inventory before expiry - consider markdowns,222,,True,100.0,MovementCategory.ACTIVE,0
SKU055,NCR_WH,41.5,medium,80.0,0.0,100.0,10.0,0.0,shelf_life,demand_surge; shelf_life_risk,Increase reorder quantity and review safety stock; URGENT: Clear inventory before expiry - consider markdowns,149,,True,100.0,MovementCategory.ACTIVE,0
SKU003,MAA_WH,41.5,medium,80.0,0.0,100.0,10.0,0.0,shelf_life,demand_surge; shelf_life_risk,Increase reorder quantity and review safety stock; URGENT: Clear inventory before expiry - consider markdowns,129,,True,100.0,MovementCategory.ACTIVE,0
SKU045,NCR_WH,41.5,medium,80.0,0.0,100.0,10.0,0.0,shelf_life,demand_surge; shelf_life_risk,Increase reorder quantity and review safety stock; URGENT: Clear inventory before expiry - consider markdowns,173,,True,713.16,MovementCategory.ACTIVE,0
SKU052,NCR_WH,41.5,medium,80.0,0.0,100.0,10.0,0.0,shelf_life,demand_surge; shelf_life_risk,Increase reorder quantity and review safety stock; URGENT: Clear inventory before expiry - consider markdowns,72,,True,100.0,MovementCategory.ACTIVE,0
SKU052,MAA_WH,41.5,medium,80.0,0.0,100.0,10.0,0.0,shelf_life,demand_surge; shelf_life_risk,Increase reorder quantity and review safety stock; URGENT: Clear inventory before expiry - consider markdowns,35,,True,100.0,MovementCategory.ACTIVE,0
SKU051,NCR_WH,41.5,medium,80.0,0.0,100.0,10.0,0.0,shelf_life,demand_surge; shelf_life_risk; understock,Increase reorder quantity and review safety stock; URGENT: Clear inventory before expiry - consider markdowns; Expedite replenishment orders,75,,True,100.0,MovementCategory.ACTIVE,0
SKU051,MAA_WH,41.5,medium,80.0,0.0,100.0,10.0,0.0,shelf_life,demand_surge; shelf_life_risk,Increase reorder quantity and review safety stock; URGENT: Clear inventory before expiry - consider markdowns,278,,True,100.0,MovementCategory.ACTIVE,0
SKU051,BLR_WH,41.5,medium,80.0,0.0,100.0,10.0,0.0,shelf_life,demand_surge; shelf_life_risk,Increase reorder quantity and review safety stock; URGENT: Clear inventory before expiry - consider markdowns,169,,True,100.0,MovementCategory.ACTIVE,0
SKU005,MAA_WH,41.5,medium,80.0,0.0,100.0,10.0,0.0,shelf_life,demand_surge; shelf_life_risk; understock,Increase reorder quantity and review safety stock; URGENT: Clear inventory before expiry - consider markdowns; Expedite replenishment orders,5,,True,100.0,MovementCategory.ACTIVE,0
SKU046,MAA_WH,41.5,medium,80.0,0.0,100.0,10.0,0.0,shelf_life,demand_surge; shelf_life_risk; understock,Increase reorder quantity and review safety stock; URGENT: Clear inventory before expiry - consider markdowns; Expedite replenishment orders,49,,True,100.0,MovementCategory.ACTIVE,0
SKU031,BOM_WH,41.5,medium,80.0,0.0,100.0,10.0,0.0,shelf_life,demand_surge; shelf_life_risk,Increase reorder quantity and review safety stock; URGENT: Clear inventory before expiry - consider markdowns,269,,True,100.0,MovementCategory.ACTIVE,0
SKU031,MAA_WH,41.5,medium,80.0,0.0,100.0,10.0,0.0,shelf_life,demand_surge; shelf_life_risk,Increase reorder quantity and review safety stock; URGENT: Clear inventory before expiry - consider markdowns,290,,True,100.0,MovementCategory.ACTIVE,0
SKU009,MAA_WH,41.5,medium,80.0,0.0,100.0,10.0,0.0,shelf_life,demand_surge; shelf_life_risk,Increase reorder quantity and review safety stock; URGENT: Clear inventory before expiry - consider markdowns,270,,True,100.0,MovementCategory.ACTIVE,0
SKU026,MAA_WH,41.5,medium,80.0,0.0,100.0,10.0,0.0,shelf_life,demand_surge; shelf_life_risk; understock,Increase reorder quantity and review safety stock; URGENT: Clear inventory before expiry - consider markdowns; Expedite replenishment orders,54,,True,100.0,MovementCategory.ACTIVE,0
SKU018,BLR_WH,41.5,medium,80.0,0.0,100.0,10.0,0.0,shelf_life,demand_surge; shelf_life_risk,Increase reorder quantity and review safety stock; URGENT: Clear inventory before expiry - consider markdowns,284,,True,100.0,MovementCategory.ACTIVE,0
SKU026,BOM_WH,41.5,medium,80.0,0.0,100.0,10.0,0.0,shelf_life,demand_surge; shelf_life_risk,Increase reorder quantity and review safety stock; URGENT: Clear inventory before expiry - consider markdowns,131,,True,100.0,MovementCategory.ACTIVE,0
SKU027,MAA_WH,41.5,medium,72.5,0.0,100.0,10.0,18.73,shelf_life,demand_surge; shelf_life_risk; overstock,Increase reorder quantity and review safety stock; URGENT: Clear inventory before expiry - consider markdowns; Reduce incoming supply and consider stock transfers,690,,True,100.0,MovementCategory.ACTIVE,0
SKU026,BLR_WH,41.5,medium,80.0,0.0,100.0,10.0,0.0,shelf_life,demand_surge; shelf_life_risk; understock,Increase reorder quantity and review safety stock; URGENT: Clear inventory before expiry - consider markdowns; Expedite replenishment orders,38,,True,100.0,MovementCategory.ACTIVE,0
SKU023,BOM_WH,41.5,medium,80.0,0.0,100.0,10.0,0.0,shelf_life,demand_surge; shelf_life_risk,Increase reorder quantity and review safety stock; URGENT: Clear inventory before expiry - consider markdowns,172,,True,100.0,MovementCategory.ACTIVE,0
SKU019,BOM_WH,41.5,medium,80.0,0.0,100.0,10.0,0.0,shelf_life,demand_surge; shelf_life_risk,Increase reorder quantity and review safety stock; URGENT: Clear inventory before expiry - consider markdowns,304,,True,100.0,MovementCategory.ACTIVE,0
SKU029,BOM_WH,41.5,medium,80.0,0.0,100.0,10.0,0.0,shelf_life,demand_surge; shelf_life_risk,Increase reorder quantity and review safety stock; URGENT: Clear inventory before expiry - consider markdowns,101,,True,100.0,MovementCategory.ACTIVE,0
SKU040,BOM_WH,41.11,medium,72.5,0.0,100.0,10.0,14.85,shelf_life,demand_surge; shelf_life_risk; overstock,Increase reorder quantity and review safety stock; URGENT: Clear inventory before expiry - consider markdowns; Reduce incoming supply and consider stock transfers,214,,True,100.0,MovementCategory.ACTIVE,0
SKU054,NCR_WH,40.88,medium,37.5,0.0,100.0,10.0,100.0,shelf_life,shelf_life_risk; overstock,URGENT: Clear inventory before expiry - consider markdowns; Reduce incoming supply and consider stock transfers,162,,True,-25.0,MovementCategory.ACTIVE,0
SKU037,BOM_WH,40.78,medium,72.5,0.0,100.0,10.0,11.6,shelf_life,demand_surge; shelf_life_risk; overstock,Increase reorder quantity and review safety stock; URGENT: Clear inventory before expiry - consider markdowns; Reduce incoming supply and consider stock transfers,324,,True,100.0,MovementCategory.ACTIVE,0
SKU010,BLR_WH,40.09,medium,72.5,0.0,100.0,10.0,4.64,shelf_life,demand_surge; shelf_life_risk; overstock,Increase reorder quantity and review safety stock; URGENT: Clear inventory before expiry - consider markdowns; Reduce incoming supply and consider stock transfers,400,,True,100.0,MovementCategory.ACTIVE,0
SKU020,BOM_WH,39.88,low,73.5,0.0,100.0,10.0,0.0,shelf_life,demand_drop; shelf_life_risk,Reduce reorder quantities and pause open orders if possible; URGENT: Clear inventory before expiry - consider markdowns,79,,True,-62.5,MovementCategory.ACTIVE,0
SKU001,NCR_WH,39.64,low,7.5,20.0,100.0,30.0,72.67,shelf_life,shelf_life_risk; overstock,URGENT: Clear inventory before expiry - consider markdowns; Reduce incoming supply and consider stock transfers,234,,True,0.0,MovementCategory.SLOW_MOVING,84
SKU046,NCR_WH,39.62,low,72.5,0.0,100.0,10.0,0.0,shelf_life,demand_surge; shelf_life_risk,Increase reorder quantity and review safety stock; URGENT: Clear inventory before expiry - consider markdowns,78,,True,100.0,MovementCategory.ACTIVE,0
SKU049,MAA_WH,39.62,low,72.5,0.0,100.0,10.0,0.0,shelf_life,demand_surge; shelf_life_risk; understock,Increase reorder quantity and review safety stock; URGENT: Clear inventory before expiry - consider markdowns; Expedite replenishment orders,121,,True,100.0,MovementCategory.ACTIVE,0
SKU004,NCR_WH,39.62,low,72.5,0.0,100.0,10.0,0.0,shelf_life,demand_surge; shelf_life_risk,Increase reorder quantity and review safety stock; URGENT: Clear inventory before expiry - consider markdowns,117,,True,100.0,MovementCategory.ACTIVE,0
SKU016,BOM_WH,39.62,low,72.5,0.0,100.0,10.0,0.0,shelf_life,demand_surge; shelf_life_risk,Increase reorder quantity and review safety stock; URGENT: Clear inventory before expiry - consider markdowns,84,,True,100.0,MovementCategory.ACTIVE,0
SKU015,BOM_WH,39.62,low,72.5,0.0,100.0,10.0,0.0,shelf_life,demand_surge; shelf_life_risk; understock,Increase reorder quantity and review safety stock; URGENT: Clear inventory before expiry - consider markdowns; Expedite replenishment orders,35,,True,100.0,MovementCategory.ACTIVE,0
SKU009,NCR_WH,39.62,low,72.5,0.0,100.0,10.0,0.0,shelf_life,demand_surge; shelf_life_risk,Increase reorder quantity and review safety stock; URGENT: Clear inventory before expiry - consider markdowns,323,,True,100.0,MovementCategory.ACTIVE,0
SKU037,NCR_WH,39.62,low,72.5,0.0,100.0,10.0,0.0,shelf_life,demand_surge; shelf_life_risk,Increase reorder quantity and review safety stock; URGENT: Clear inventory before expiry - consider markdowns,224,,True,100.0,MovementCategory.ACTIVE,0
SKU007,BLR_WH,39.62,low,72.5,0.0,100.0,10.0,0.0,shelf_life,demand_surge; shelf_life_risk,Increase reorder quantity and review safety stock; URGENT: Clear inventory before expiry - consider markdowns,247,,True,100.0,MovementCategory.ACTIVE,0
SKU042,MAA_WH,39.62,low,72.5,0.0,100.0,10.0,0.0,shelf_life,demand_surge; shelf_life_risk; understock,Increase reorder quantity and review safety stock; URGENT: Clear inventory before expiry - consider markdowns; Expedite replenishment orders,74,,True,100.0,MovementCategory.ACTIVE,0
SKU027,BOM_WH,39.62,low,72.5,0.0,100.0,10.0,0.0,shelf_life,demand_surge; shelf_life_risk,Increase reorder quantity and review safety stock; URGENT: Clear inventory before expiry - consider markdowns,351,,True,100.0,MovementCategory.ACTIVE,0
SKU007,NCR_WH,39.62,low,72.5,0.0,100.0,10.0,0.0,shelf_life,demand_surge; shelf_life_risk,Increase reorder quantity and review safety stock; URGENT: Clear inventory before expiry - consider markdowns,188,,True,100.0,MovementCategory.ACTIVE,0
SKU023,NCR_WH,39.62,low,72.5,0.0,100.0,10.0,0.0,shelf_life,demand_surge; shelf_life_risk; understock,Increase reorder quantity and review safety stock; URGENT: Clear inventory before expiry - consider markdowns; Expedite replenishment orders,104,,True,100.0,MovementCategory.ACTIVE,0
SKU060,NCR_WH,39.62,low,72.5,0.0,100.0,10.0,0.0,shelf_life,demand_surge; shelf_life_risk,Increase reorder quantity and review safety stock; URGENT: Clear inventory before expiry - consider markdowns,50,,True,100.0,MovementCategory.ACTIVE,0
SKU023,MAA_WH,39.62,low,72.5,0.0,100.0,10.0,0.0,shelf_life,demand_surge; shelf_life_risk; understock,Increase reorder quantity and review safety stock; URGENT: Clear inventory before expiry - consider markdowns; Expedite replenishment orders,23,,True,100.0,MovementCategory.ACTIVE,0
SKU023,BLR_WH,39.62,low,72.5,0.0,100.0,10.0,0.0,shelf_life,demand_surge; shelf_life_risk,Increase reorder quantity and review safety stock; URGENT: Clear inventory before expiry - consider markdowns,141,,True,100.0,MovementCategory.ACTIVE,0
SKU053,MAA_WH,39.62,low,72.5,0.0,100.0,10.0,0.0,shelf_life,demand_surge; shelf_life_risk,Increase reorder quantity and review safety stock; URGENT: Clear inventory before expiry - consider markdowns,237,,True,100.0,MovementCategory.ACTIVE,0
SKU055,MAA_WH,39.62,low,72.5,0.0,100.0,10.0,0.0,shelf_life,demand_surge; shelf_life_risk; understock,Increase reorder quantity and review safety stock; URGENT: Clear inventory before expiry - consider markdowns; Expedite replenishment orders,16,,True,100.0,MovementCategory.ACTIVE,0
SKU029,BLR_WH,39.62,low,72.5,0.0,100.0,10.0,0.0,shelf_life,demand_surge; shelf_life_risk,Increase reorder quantity and review safety stock; URGENT: Clear inventory before expiry - consider markdowns,86,,True,100.0,MovementCategory.ACTIVE,0
SKU016,BLR_WH,39.62,low,72.5,0.0,100.0,10.0,0.0,shelf_life,demand_surge; shelf_life_risk; understock,Increase reorder quantity and review safety stock; URGENT: Clear inventory before expiry - consider markdowns; Expedite replenishment orders,50,,True,100.0,MovementCategory.ACTIVE,0
SKU029,NCR_WH,39.62,low,72.5,0.0,100.0,10.0,0.0,shelf_life,demand_surge; shelf_life_risk; understock,Increase reorder quantity and review safety stock; URGENT: Clear inventory before expiry - consider markdowns; Expedite replenishment orders,48,,True,100.0,MovementCategory.ACTIVE,0
SKU034,MAA_WH,39.62,low,72.5,0.0,100.0,10.0,0.0,shelf_life,demand_surge; shelf_life_risk; understock,Increase reorder quantity and review safety stock; URGENT: Clear inventory before expiry - consider markdowns; Expedite replenishment orders,126,,True,100.0,MovementCategory.ACTIVE,0
SKU034,BOM_WH,39.62,low,72.5,0.0,100.0,10.0,0.0,shelf_life,demand_surge; shelf_life_risk; understock,Increase reorder quantity and review safety stock; URGENT: Clear inventory before expiry - consider markdowns; Expedite replenishment orders,86,,True,100.0,MovementCategory.ACTIVE,0
SKU021,MAA_WH,39.62,low,72.5,0.0,100.0,10.0,0.0,shelf_life,demand_surge; shelf_life_risk; understock,Increase reorder quantity and review safety stock; URGENT: Clear inventory before expiry - consider markdowns; Expedite replenishment orders,19,,True,100.0,MovementCategory.ACTIVE,0
SKU015,NCR_WH,39.62,low,72.5,0.0,100.0,10.0,0.0,shelf_life,demand_surge; shelf_life_risk,Increase reorder quantity and review safety stock; URGENT: Clear inventory before expiry - consider markdowns,188,,True,100.0,MovementCategory.ACTIVE,0
SKU021,BOM_WH,39.62,low,72.5,0.0,100.0,10.0,0.0,shelf_life,demand_surge; shelf_life_risk,Increase reorder quantity and review safety stock; URGENT: Clear inventory before expiry - consider markdowns,305,,True,100.0,MovementCategory.ACTIVE,0
SKU014,BLR_WH,39.62,low,72.5,0.0,100.0,10.0,0.0,shelf_life,demand_surge; shelf_life_risk,Increase reorder quantity and review safety stock; URGENT: Clear inventory before expiry - consider markdowns,129,,True,100.0,MovementCategory.ACTIVE,0
SKU014,BOM_WH,39.62,low,72.5,0.0,100.0,10.0,0.0,shelf_life,demand_surge; shelf_life_risk,Increase reorder quantity and review safety stock; URGENT: Clear inventory before expiry - consider markdowns,53,,True,100.0,MovementCategory.ACTIVE,0
SKU060,MAA_WH,39.62,low,72.5,0.0,100.0,10.0,0.0,shelf_life,demand_surge; shelf_life_risk; understock,Increase reorder quantity and review safety stock; URGENT: Clear inventory before expiry - consider markdowns; Expedite replenishment orders,2,,True,100.0,MovementCategory.ACTIVE,0
SKU053,BLR_WH,39.62,low,72.5,0.0,100.0,10.0,0.0,shelf_life,demand_surge; shelf_life_risk,Increase reorder quantity and review safety stock; URGENT: Clear inventory before expiry - consider markdowns,312,,True,100.0,MovementCategory.ACTIVE,0
SKU001,BOM_WH,39.25,low,15.0,20.0,100.0,30.0,50.0,shelf_life,shelf_life_risk,URGENT: Clear inventory before expiry - consider markdowns,160,,True,0.0,MovementCategory.SLOW_MOVING,84
SKU028,BLR_WH,38.38,low,7.5,20.0,80.0,30.0,100.0,inventory,shelf_life_risk; overstock,URGENT: Clear inventory before expiry - consider markdowns; Reduce incoming supply and consider stock transfers,170,,True,0.0,MovementCategory.DEAD_STOCK,231
SKU028,NCR_WH,38.38,low,7.5,20.0,80.0,30.0,100.0,inventory,shelf_life_risk; overstock,URGENT: Clear inventory before expiry - consider markdowns; Reduce incoming supply and consider stock transfers,195,,True,0.0,MovementCategory.DEAD_STOCK,231
SKU028,MAA_WH,38.38,low,7.5,20.0,80.0,30.0,100.0,inventory,shelf_life_risk; overstock,URGENT: Clear inventory before expiry - consider markdowns; Reduce incoming supply and consider stock transfers,266,,True,0.0,MovementCategory.DEAD_STOCK,231
SKU054,MAA_WH,37.72,low,38.14,0.0,100.0,10.0,66.81,shelf_life,shelf_life_risk; overstock,URGENT: Clear inventory before expiry - consider markdowns; Reduce incoming supply and consider stock transfers,124,,True,-14.29,MovementCategory.ACTIVE,0
SKU054,BOM_WH,34.46,low,51.0,0.0,100.0,10.0,2.11,shelf_life,demand_drop; shelf_life_risk; overstock,Reduce reorder quantities and pause open orders if possible; URGENT: Clear inventory before expiry - consider markdowns; Reduce incoming supply and consider stock transfers,74,,True,-25.0,MovementCategory.ACTIVE,0
SKU028,BOM_WH,33.38,low,7.5,20.0,80.0,30.0,50.0,shelf_life,shelf_life_risk,URGENT: Clear inventory before expiry - consider markdowns,64,,True,0.0,MovementCategory.DEAD_STOCK,231
SKU004,BLR_WH,31.5,low,0.0,0.0,100.0,10.0,100.0,shelf_life,shelf_life_risk; overstock,URGENT: Clear inventory before expiry - consider markdowns; Reduce incoming supply and consider stock transfers,574,,False,100.0,MovementCategory.ACTIVE,0
SKU002,BLR_WH,31.5,low,0.0,0.0,100.0,10.0,100.0,shelf_life,shelf_life_risk; overstock,URGENT: Clear inventory before expiry - consider markdowns; Reduce incoming supply and consider stock transfers,763,,False,100.0,MovementCategory.ACTIVE,0
SKU017,BOM_WH,31.5,low,0.0,0.0,100.0,10.0,100.0,shelf_life,shelf_life_risk; overstock,URGENT: Clear inventory before expiry - consider markdowns; Reduce incoming supply and consider stock transfers,270,,False,100.0,MovementCategory.ACTIVE,0
SKU002,MAA_WH,31.5,low,0.0,0.0,100.0,10.0,100.0,shelf_life,shelf_life_risk; overstock,URGENT: Clear inventory before expiry - consider markdowns; Reduce incoming supply and consider stock transfers,869,,False,100.0,MovementCategory.ACTIVE,0
SKU017,BLR_WH,31.5,low,0.0,0.0,100.0,10.0,100.0,shelf_life,shelf_life_risk; overstock,URGENT: Clear inventory before expiry - consider markdowns; Reduce incoming supply and consider stock transfers,256,,False,100.0,MovementCategory.ACTIVE,0
SKU043,NCR_WH,31.5,low,0.0,0.0,100.0,10.0,100.0,shelf_life,shelf_life_risk; overstock,URGENT: Clear inventory before expiry - consider markdowns; Reduce incoming supply and consider stock transfers,913,,False,100.0,MovementCategory.ACTIVE,0
SKU043,BLR_WH,31.5,low,0.0,0.0,100.0,10.0,100.0,shelf_life,shelf_life_risk; overstock,URGENT: Clear inventory before expiry - consider markdowns; Reduce incoming supply and consider stock transfers,671,,False,100.0,MovementCategory.ACTIVE,0
SKU011,BLR_WH,31.44,low,0.0,0.0,100.0,10.0,99.44,shelf_life,shelf_life_risk; overstock,URGENT: Clear inventory before expiry - consider markdowns; Reduce incoming supply and consider stock transfers,352,,False,100.0,MovementCategory.ACTIVE,0
SKU021,BLR_WH,31.19,low,0.0,0.0,100.0,10.0,96.94,shelf_life,shelf_life_risk; overstock,URGENT: Clear inventory before expiry - consider markdowns; Reduce incoming supply and consider stock transfers,1046,,False,100.0,MovementCategory.ACTIVE,0
SKU032,NCR_WH,31.13,low,18.52,0.0,100.0,10.0,50.0,shelf_life,shelf_life_risk; overstock,URGENT: Clear inventory before expiry - consider markdowns; Reduce incoming supply and consider stock transfers,796,,True,5.41,MovementCategory.ACTIVE,0
SKU002,NCR_WH,30.27,low,0.0,0.0,100.0,10.0,87.69,shelf_life,shelf_life_risk; overstock,URGENT: Clear inventory before expiry - consider markdowns; Reduce incoming supply and consider stock transfers,584,,False,100.0,MovementCategory.ACTIVE,0
SKU043,MAA_WH,29.94,low,0.0,0.0,100.0,10.0,84.44,shelf_life,shelf_life_risk; overstock,URGENT: Clear inventory before expiry - consider markdowns; Reduce incoming supply and consider stock transfers,559,,False,100.0,MovementCategory.ACTIVE,0
SKU030,MAA_WH,28.42,low,0.0,0.0,100.0,10.0,69.18,shelf_life,shelf_life_risk; overstock,URGENT: Clear inventory before expiry - consider markdowns; Reduce incoming supply and consider stock transfers,541,,False,100.0,MovementCategory.ACTIVE,0
SKU053,NCR_WH,27.74,low,0.0,0.0,100.0,10.0,62.43,shelf_life,shelf_life_risk; overstock,URGENT: Clear inventory before expiry - consider markdowns; Reduce incoming supply and consider stock transfers,710,,False,100.0,MovementCategory.ACTIVE,0
SKU032,BOM_WH,27.6,low,24.41,0.0,100.0,10.0,0.0,shelf_life,shelf_life_risk,URGENT: Clear inventory before expiry - consider markdowns,175,,True,2.94,MovementCategory.ACTIVE,0
SKU032,BLR_WH,27.27,low,23.08,0.0,100.0,10.0,0.0,shelf_life,shelf_life_risk,URGENT: Clear inventory before expiry - consider markdowns,262,,True,12.43,MovementCategory.ACTIVE,0
SKU032,MAA_WH,27.01,low,22.03,0.0,100.0,10.0,0.0,shelf_life,shelf_life_risk; understock,URGENT: Clear inventory before expiry - consider markdowns; Expedite replenishment orders,120,,True,10.81,MovementCategory.ACTIVE,0
SKU004,MAA_WH,26.8,low,0.0,0.0,100.0,10.0,52.95,shelf_life,shelf_life_risk; overstock,URGENT: Clear inventory before expiry - consider markdowns; Reduce incoming supply and consider stock transfers,267,,False,100.0,MovementCategory.ACTIVE,0
SKU043,BOM_WH,26.5,low,0.0,0.0,100.0,10.0,50.0,shelf_life,shelf_life_risk,URGENT: Clear inventory before expiry - consider markdowns,176,,False,100.0,MovementCategory.ACTIVE,0
SKU022,BOM_WH,26.42,low,0.0,0.0,100.0,10.0,49.22,shelf_life,shelf_life_risk; overstock,URGENT: Clear inventory before expiry - consider markdowns; Reduce incoming supply and consider stock transfers,891,,False,100.0,MovementCategory.ACTIVE,0
SKU034,BLR_WH,25.88,low,0.0,0.0,100.0,10.0,43.85,shelf_life,shelf_life_risk; overstock,URGENT: Clear inventory before expiry - consider markdowns; Reduce incoming supply and consider stock transfers,717,,False,100.0,MovementCategory.ACTIVE,0
SKU022,BLR_WH,24.15,low,0.0,0.0,100.0,10.0,26.5,shelf_life,shelf_life_risk; overstock,URGENT: Clear inventory before expiry - consider markdowns; Reduce incoming supply and consider stock transfers,687,,False,100.0,MovementCategory.ACTIVE,0
SKU010,BOM_WH,23.59,low,0.0,0.0,100.0,10.0,20.9,shelf_life,shelf_life_risk; overstock,URGENT: Clear inventory before expiry - consider markdowns; Reduce incoming supply and consider stock transfers,519,,False,100.0,MovementCategory.ACTIVE,0
SKU040,BLR_WH,23.44,low,0.0,0.0,100.0,10.0,19.39,shelf_life,shelf_life_risk; overstock,URGENT: Clear inventory before expiry - consider markdowns; Reduce incoming supply and consider stock transfers,229,,False,100.0,MovementCategory.ACTIVE,0
SKU011,BOM_WH,23.03,low,0.0,0.0,100.0,10.0,15.25,shelf_life,shelf_life_risk; overstock,URGENT: Clear inventory before expiry - consider markdowns; Reduce incoming supply and consider stock transfers,231,,False,100.0,MovementCategory.ACTIVE,0
SKU021,NCR_WH,22.74,low,0.0,0.0,100.0,10.0,12.42,shelf_life,shelf_life_risk; overstock,URGENT: Clear inventory before expiry - consider markdowns; Reduce incoming supply and consider stock transfers,598,,False,100.0,MovementCategory.ACTIVE,0
SKU050,BOM_WH,21.86,low,0.0,0.0,100.0,10.0,3.63,shelf_life,shelf_life_risk; overstock,URGENT: Clear inventory before expiry - consider markdowns; Reduce incoming supply and consider stock transfers,310,,False,100.0,MovementCategory.ACTIVE,0
SKU050,NCR_WH,21.85,low,0.0,0.0,100.0,10.0,3.46,shelf_life,shelf_life_risk; overstock,URGENT: Clear inventory before expiry - consider markdowns; Reduce incoming supply and consider stock transfers,309,,False,100.0,MovementCategory.ACTIVE,0
SKU017,NCR_WH,21.73,low,0.0,0.0,100.0,10.0,2.27,shelf_life,shelf_life_risk; overstock,URGENT: Clear inventory before expiry - consider markdowns; Reduce incoming supply and consider stock transfers,92,,False,100.0,MovementCategory.ACTIVE,0
SKU006,MAA_WH,21.5,low,0.0,0.0,100.0,10.0,0.0,shelf_life,shelf_life_risk,URGENT: Clear inventory before expiry - consider markdowns,165,,False,100.0,MovementCategory.ACTIVE,0
SKU006,NCR_WH,21.5,low,0.0,0.0,100.0,10.0,0.0,shelf_life,shelf_life_risk,URGENT: Clear inventory before expiry - consider markdowns,90,,False,100.0,MovementCategory.ACTIVE,0
SKU002,BOM_WH,21.5,low,0.0,0.0,100.0,10.0,0.0,shelf_life,shelf_life_risk,URGENT: Clear inventory before expiry - consider markdowns,121,,False,100.0,MovementCategory.ACTIVE,0
SKU058,BLR_WH,21.5,low,80.0,0.0,0.0,10.0,0.0,demand_shift,demand_surge; understock,Increase reorder quantity and review safety stock; Expedite replenishment orders,0,,True,379.58,MovementCategory.ACTIVE,0
SKU017,MAA_WH,21.5,low,0.0,0.0,100.0,10.0,0.0,shelf_life,shelf_life_risk,URGENT: Clear inventory before expiry - consider markdowns,79,,False,100.0,MovementCategory.ACTIVE,0
SKU058,BOM_WH,21.5,low,80.0,0.0,0.0,10.0,0.0,demand_shift,demand_surge; understock,Increase reorder quantity and review safety stock; Expedite replenishment orders,0,,True,375.51,MovementCategory.ACTIVE,0
SKU036,BOM_WH,21.5,low,80.0,0.0,0.0,10.0,0.0,demand_shift,demand_surge; understock,Increase reorder quantity and review safety stock; Expedite replenishment orders,0,,True,251.72,MovementCategory.ACTIVE,0
SKU006,BLR_WH,21.5,low,0.0,0.0,100.0,10.0,0.0,shelf_life,shelf_life_risk; understock,URGENT: Clear inventory before expiry - consider markdowns; Expedite replenishment orders,32,,False,100.0,MovementCategory.ACTIVE,0
SKU011,NCR_WH,21.5,low,0.0,0.0,100.0,10.0,0.0,shelf_life,shelf_life_risk,URGENT: Clear inventory before expiry - consider markdowns,110,,False,100.0,MovementCategory.ACTIVE,0
SKU049,BLR_WH,21.5,low,0.0,0.0,100.0,10.0,0.0,shelf_life,shelf_life_risk,URGENT: Clear inventory before expiry - consider markdowns,142,,False,100.0,MovementCategory.ACTIVE,0
SKU005,BOM_WH,21.5,low,80.0,0.0,0.0,10.0,0.0,demand_shift,demand_surge; understock,Increase reorder quantity and review safety stock; Expedite replenishment orders,0,,True,100.0,MovementCategory.ACTIVE,0
SKU010,NCR_WH,21.5,low,0.0,0.0,100.0,10.0,0.0,shelf_life,shelf_life_risk,URGENT: Clear inventory before expiry - consider markdowns,299,,False,100.0,MovementCategory.ACTIVE,0
SKU049,BOM_WH,21.5,low,0.0,0.0,100.0,10.0,0.0,shelf_life,shelf_life_risk,URGENT: Clear inventory before expiry - consider markdowns,135,,False,100.0,MovementCategory.ACTIVE,0
SKU049,NCR_WH,21.5,low,0.0,0.0,100.0,10.0,0.0,shelf_life,shelf_life_risk,URGENT: Clear inventory before expiry - consider markdowns,144,,False,100.0,MovementCategory.ACTIVE,0
SKU010,MAA_WH,21.5,low,0.0,0.0,100.0,10.0,0.0,shelf_life,shelf_life_risk,URGENT: Clear inventory before expiry - consider markdowns,269,,False,100.0,MovementCategory.ACTIVE,0
SKU050,BLR_WH,21.5,low,0.0,0.0,100.0,10.0,0.0,shelf_life,shelf_life_risk,URGENT: Clear inventory before expiry - consider markdowns,134,,False,100.0,MovementCategory.ACTIVE,0
SKU050,MAA_WH,21.5,low,0.0,0.0,100.0,10.0,0.0,shelf_life,shelf_life_risk; understock,URGENT: Clear inventory before expiry - consider markdowns; Expedite replenishment orders,95,,False,100.0,MovementCategory.ACTIVE,0
SKU004,BOM_WH,21.5,low,0.0,0.0,100.0,10.0,0.0,shelf_life,shelf_life_risk,URGENT: Clear inventory before expiry - consider markdowns,203,,False,100.0,MovementCategory.ACTIVE,0
SKU005,NCR_WH,21.5,low,80.0,0.0,0.0,10.0,0.0,demand_shift,demand_surge; understock,Increase reorder quantity and review safety stock; Expedite replenishment orders,0,,True,100.0,MovementCategory.ACTIVE,0
SKU011,MAA_WH,21.5,low,0.0,0.0,100.0,10.0,0.0,shelf_life,shelf_life_risk; understock,URGENT: Clear inventory before expiry - consider markdowns; Expedite replenishment orders,20,,False,100.0,MovementCategory.ACTIVE,0
SKU006,BOM_WH,21.5,low,0.0,0.0,100.0,10.0,0.0,shelf_life,shelf_life_risk,URGENT: Clear inventory before expiry - consider markdowns,105,,False,100.0,MovementCategory.ACTIVE,0
SKU022,NCR_WH,21.5,low,0.0,0.0,100.0,10.0,0.0,shelf_life,shelf_life_risk,URGENT: Clear inventory before expiry - consider markdowns,363,,False,100.0,MovementCategory.ACTIVE,0
SKU022,MAA_WH,21.5,low,0.0,0.0,100.0,10.0,0.0,shelf_life,shelf_life_risk,URGENT: Clear inventory before expiry - consider markdowns,437,,False,100.0,MovementCategory.ACTIVE,0
SKU005,BLR_WH,21.5,low,80.0,0.0,0.0,10.0,0.0,demand_shift,demand_surge; understock,Increase reorder quantity and review safety stock; Expedite replenishment orders,0,,True,100.0,MovementCategory.ACTIVE,0
SKU060,BLR_WH,19.62,minimal,72.5,0.0,0.0,10.0,0.0,demand_shift,demand_surge; understock,Increase reorder quantity and review safety stock; Expedite replenishment orders,0,,True,100.0,MovementCategory.ACTIVE,0
SKU060,BOM_WH,19.62,minimal,72.5,0.0,0.0,10.0,0.0,demand_shift,demand_surge; understock,Increase reorder quantity and review safety stock; Expedite replenishment orders,0,,True,100.0,MovementCategory.ACTIVE,0
SKU047,MAA_WH,19.62,minimal,72.5,0.0,0.0,10.0,0.0,demand_shift,demand_surge; understock,Increase reorder quantity and review safety stock; Expedite replenishment orders,0,,True,100.0,MovementCategory.ACTIVE,0
SKU053,BOM_WH,19.62,minimal,72.5,0.0,0.0,10.0,0.0,demand_shift,demand_surge; understock,Increase reorder quantity and review safety stock; Expedite replenishment orders,0,,True,100.0,MovementCategory.ACTIVE,0
SKU015,MAA_WH,19.62,minimal,72.5,0.0,0.0,10.0,0.0,demand_shift,demand_surge; understock,Increase reorder quantity and review safety stock; Expedite replenishment orders,0,,True,100.0,MovementCategory.ACTIVE,0
SKU040,NCR_WH,19.62,minimal,72.5,0.0,0.0,10.0,0.0,demand_shift,demand_surge; understock,Increase reorder quantity and review safety stock; Expedite replenishment orders,0,,True,100.0,MovementCategory.ACTIVE,0
SKU003,NCR_WH,19.62,minimal,72.5,0.0,0.0,10.0,0.0,demand_shift,demand_surge; understock,Increase reorder quantity and review safety stock; Expedite replenishment orders,0,,True,100.0,MovementCategory.ACTIVE,0
SKU024,NCR_WH,19.09,minimal,0.0,0.0,80.0,10.0,15.92,shelf_life,shelf_life_risk,URGENT: Clear inventory before expiry - consider markdowns,497,,False,100.0,MovementCategory.ACTIVE,0
SKU025,NCR_WH,18.48,minimal,0.0,0.0,80.0,10.0,9.79,shelf_life,shelf_life_risk; overstock,URGENT: Clear inventory before expiry - consider markdowns; Reduce incoming supply and consider stock transfers,171,,False,100.0,MovementCategory.ACTIVE,0
SKU024,MAA_WH,17.88,minimal,0.0,0.0,80.0,10.0,3.85,shelf_life,shelf_life_risk,URGENT: Clear inventory before expiry - consider markdowns,224,,False,100.0,MovementCategory.ACTIVE,0
SKU024,BLR_WH,17.5,minimal,0.0,0.0,80.0,10.0,0.0,shelf_life,shelf_life_risk,URGENT: Clear inventory before expiry - consider markdowns,360,,False,100.0,MovementCategory.ACTIVE,0
SKU024,BOM_WH,17.5,minimal,0.0,0.0,80.0,10.0,0.0,shelf_life,shelf_life_risk,URGENT: Clear inventory before expiry - consider markdowns,239,,False,100.0,MovementCategory.ACTIVE,0
SKU025,BLR_WH,17.5,minimal,0.0,0.0,80.0,10.0,0.0,shelf_life,shelf_life_risk,URGENT: Clear inventory before expiry - consider markdowns,54,,False,100.0,MovementCategory.ACTIVE,0
SKU025,BOM_WH,17.5,minimal,0.0,0.0,80.0,10.0,0.0,shelf_life,shelf_life_risk,URGENT: Clear inventory before expiry - consider markdowns,120,,False,100.0,MovementCategory.ACTIVE,0
SKU025,MAA_WH,1.5,minimal,0.0,0.0,0.0,10.0,0.0,lifecycle,understock,Expedite replenishment orders,0,,False,100.0,MovementCategory.ACTIVE,0
SKU047,BLR_WH,1.5,minimal,0.0,0.0,0.0,10.0,0.0,lifecycle,understock,Expedite replenishment orders,0,,False,100.0,MovementCategory.ACTIVE,0
